{
    "features":  [
                     {
                         "type":  "Feature",
                         "properties":  {
                                            "shapeName":  "Embakasi Central",
                                            "shapeISO":  "",
                                            "shapeID":  "3690345B7468433818255",
                                            "shapeGroup":  "KEN",
                                            "shapeType":  "ADM2"
                                        },
                         "geometry":  {
                                          "type":  "Polygon",
                                          "coordinates":  [
                                                              [
                                                                  [
                                                                      36.93616714500007,
                                                                      -1.257594775999962
                                                                  ],
                                                                  [
                                                                      36.933589935000043,
                                                                      -1.250588893999975
                                                                  ],
                                                                  [
                                                                      36.913677216000053,
                                                                      -1.256402015999925
                                                                  ],
                                                                  [
                                                                      36.908351898000035,
                                                                      -1.258328914999936
                                                                  ],
                                                                  [
                                                                      36.897543062000068,
                                                                      -1.26935053099993
                                                                  ],
                                                                  [
                                                                      36.90207805700004,
                                                                      -1.279478816999926
                                                                  ],
                                                                  [
                                                                      36.905994415000066,
                                                                      -1.277365087999954
                                                                  ],
                                                                  [
                                                                      36.912143708000031,
                                                                      -1.288525044999972
                                                                  ],
                                                                  [
                                                                      36.914764405000028,
                                                                      -1.288233696999953
                                                                  ],
                                                                  [
                                                                      36.914772034000066,
                                                                      -1.28509807599994
                                                                  ],
                                                                  [
                                                                      36.917919159000064,
                                                                      -1.280843138999955
                                                                  ],
                                                                  [
                                                                      36.917715073000068,
                                                                      -1.276384650999944
                                                                  ],
                                                                  [
                                                                      36.920600891000049,
                                                                      -1.274661162999962
                                                                  ],
                                                                  [
                                                                      36.920600891000049,
                                                                      -1.269872783999972
                                                                  ],
                                                                  [
                                                                      36.92456754300008,
                                                                      -1.267735553999955
                                                                  ],
                                                                  [
                                                                      36.925521851000042,
                                                                      -1.264970421999976
                                                                  ],
                                                                  [
                                                                      36.93800544700008,
                                                                      -1.263093709999964
                                                                  ],
                                                                  [
                                                                      36.93616714500007,
                                                                      -1.257594775999962
                                                                  ]
                                                              ]
                                                          ]
                                      }
                     },
                     {
                         "type":  "Feature",
                         "properties":  {
                                            "shapeName":  "Embakasi East",
                                            "shapeISO":  "",
                                            "shapeID":  "3690345B74983117878970",
                                            "shapeGroup":  "KEN",
                                            "shapeType":  "ADM2"
                                        },
                         "geometry":  {
                                          "type":  "Polygon",
                                          "coordinates":  [
                                                              [
                                                                  [
                                                                      36.90207805700004,
                                                                      -1.279478816999926
                                                                  ],
                                                                  [
                                                                      36.892103206000058,
                                                                      -1.288981595999928
                                                                  ],
                                                                  [
                                                                      36.885729323000078,
                                                                      -1.292383450999978
                                                                  ],
                                                                  [
                                                                      36.888640621000036,
                                                                      -1.304208013999926
                                                                  ],
                                                                  [
                                                                      36.899292715000058,
                                                                      -1.32140353099993
                                                                  ],
                                                                  [
                                                                      36.881346819000044,
                                                                      -1.33374403199997
                                                                  ],
                                                                  [
                                                                      36.90722340700006,
                                                                      -1.359906978999959
                                                                  ],
                                                                  [
                                                                      36.93392181400003,
                                                                      -1.336382746999959
                                                                  ],
                                                                  [
                                                                      36.960414886000024,
                                                                      -1.346018194999942
                                                                  ],
                                                                  [
                                                                      36.965770721000069,
                                                                      -1.351785778999954
                                                                  ],
                                                                  [
                                                                      36.983566284000062,
                                                                      -1.312453269999935
                                                                  ],
                                                                  [
                                                                      36.97383880600006,
                                                                      -1.287217378999969
                                                                  ],
                                                                  [
                                                                      36.990249634000065,
                                                                      -1.280838965999976
                                                                  ],
                                                                  [
                                                                      36.979961395000032,
                                                                      -1.266341447999935
                                                                  ],
                                                                  [
                                                                      36.967475891000049,
                                                                      -1.258365153999932
                                                                  ],
                                                                  [
                                                                      36.93616714500007,
                                                                      -1.257594775999962
                                                                  ],
                                                                  [
                                                                      36.93800544700008,
                                                                      -1.263093709999964
                                                                  ],
                                                                  [
                                                                      36.925521851000042,
                                                                      -1.264970421999976
                                                                  ],
                                                                  [
                                                                      36.92456754300008,
                                                                      -1.267735553999955
                                                                  ],
                                                                  [
                                                                      36.920600891000049,
                                                                      -1.269872783999972
                                                                  ],
                                                                  [
                                                                      36.920600891000049,
                                                                      -1.274661162999962
                                                                  ],
                                                                  [
                                                                      36.917715073000068,
                                                                      -1.276384650999944
                                                                  ],
                                                                  [
                                                                      36.917919159000064,
                                                                      -1.280843138999955
                                                                  ],
                                                                  [
                                                                      36.914772034000066,
                                                                      -1.28509807599994
                                                                  ],
                                                                  [
                                                                      36.914764405000028,
                                                                      -1.288233696999953
                                                                  ],
                                                                  [
                                                                      36.912143708000031,
                                                                      -1.288525044999972
                                                                  ],
                                                                  [
                                                                      36.905994415000066,
                                                                      -1.277365087999954
                                                                  ],
                                                                  [
                                                                      36.90207805700004,
                                                                      -1.279478816999926
                                                                  ]
                                                              ]
                                                          ]
                                      }
                     },
                     {
                         "type":  "Feature",
                         "properties":  {
                                            "shapeName":  "Embakasi North",
                                            "shapeISO":  "",
                                            "shapeID":  "3690345B82574132257993",
                                            "shapeGroup":  "KEN",
                                            "shapeType":  "ADM2"
                                        },
                         "geometry":  {
                                          "type":  "Polygon",
                                          "coordinates":  [
                                                              [
                                                                  [
                                                                      36.899950028000035,
                                                                      -1.253943591999928
                                                                  ],
                                                                  [
                                                                      36.901953697000067,
                                                                      -1.253015576999928
                                                                  ],
                                                                  [
                                                                      36.904031753000027,
                                                                      -1.249020635999955
                                                                  ],
                                                                  [
                                                                      36.91681671200007,
                                                                      -1.240492402999962
                                                                  ],
                                                                  [
                                                                      36.925563812000064,
                                                                      -1.240317820999962
                                                                  ],
                                                                  [
                                                                      36.930165217000024,
                                                                      -1.23760819599994
                                                                  ],
                                                                  [
                                                                      36.925623576000078,
                                                                      -1.239139397999963
                                                                  ],
                                                                  [
                                                                      36.922798157000045,
                                                                      -1.237533409999969
                                                                  ],
                                                                  [
                                                                      36.918676377000054,
                                                                      -1.238500832999932
                                                                  ],
                                                                  [
                                                                      36.911277771000073,
                                                                      -1.235303553999927
                                                                  ],
                                                                  [
                                                                      36.903545380000025,
                                                                      -1.23621765799993
                                                                  ],
                                                                  [
                                                                      36.901583481000046,
                                                                      -1.239273515999969
                                                                  ],
                                                                  [
                                                                      36.895696322000049,
                                                                      -1.24146766399997
                                                                  ],
                                                                  [
                                                                      36.892322540000066,
                                                                      -1.247386872999925
                                                                  ],
                                                                  [
                                                                      36.892778397000029,
                                                                      -1.250158607999936
                                                                  ],
                                                                  [
                                                                      36.889353752000034,
                                                                      -1.252040326999975
                                                                  ],
                                                                  [
                                                                      36.884933472000057,
                                                                      -1.246087987999942
                                                                  ],
                                                                  [
                                                                      36.877306196000063,
                                                                      -1.246514372999968
                                                                  ],
                                                                  [
                                                                      36.878261566000049,
                                                                      -1.259923457999946
                                                                  ],
                                                                  [
                                                                      36.888389587000063,
                                                                      -1.258287906999954
                                                                  ],
                                                                  [
                                                                      36.899950028000035,
                                                                      -1.253943591999928
                                                                  ]
                                                              ]
                                                          ]
                                      }
                     },
                     {
                         "type":  "Feature",
                         "properties":  {
                                            "shapeName":  "Embakasi South",
                                            "shapeISO":  "",
                                            "shapeID":  "3690345B30654338580609",
                                            "shapeGroup":  "KEN",
                                            "shapeType":  "ADM2"
                                        },
                         "geometry":  {
                                          "type":  "Polygon",
                                          "coordinates":  [
                                                              [
                                                                  [
                                                                      36.888640621000036,
                                                                      -1.304208013999926
                                                                  ],
                                                                  [
                                                                      36.872732338000048,
                                                                      -1.310889587999952
                                                                  ],
                                                                  [
                                                                      36.867381783000042,
                                                                      -1.309851485999957
                                                                  ],
                                                                  [
                                                                      36.860474646000057,
                                                                      -1.314410260999978
                                                                  ],
                                                                  [
                                                                      36.855943219000039,
                                                                      -1.313875776999964
                                                                  ],
                                                                  [
                                                                      36.85226435800007,
                                                                      -1.31382323899993
                                                                  ],
                                                                  [
                                                                      36.847550018000049,
                                                                      -1.316694232999964
                                                                  ],
                                                                  [
                                                                      36.840254723000044,
                                                                      -1.318529793999971
                                                                  ],
                                                                  [
                                                                      36.88224983300006,
                                                                      -1.347241520999944
                                                                  ],
                                                                  [
                                                                      36.892316288000075,
                                                                      -1.358568819999959
                                                                  ],
                                                                  [
                                                                      36.894906998000067,
                                                                      -1.356526016999965
                                                                  ],
                                                                  [
                                                                      36.907416026000078,
                                                                      -1.370333393999942
                                                                  ],
                                                                  [
                                                                      36.913506982000058,
                                                                      -1.370835022999927
                                                                  ],
                                                                  [
                                                                      36.905645371000048,
                                                                      -1.36182522699994
                                                                  ],
                                                                  [
                                                                      36.90722340700006,
                                                                      -1.359906978999959
                                                                  ],
                                                                  [
                                                                      36.881346819000044,
                                                                      -1.33374403199997
                                                                  ],
                                                                  [
                                                                      36.899292715000058,
                                                                      -1.32140353099993
                                                                  ],
                                                                  [
                                                                      36.888640621000036,
                                                                      -1.304208013999926
                                                                  ]
                                                              ]
                                                          ]
                                      }
                     },
                     {
                         "type":  "Feature",
                         "properties":  {
                                            "shapeName":  "Embakasi West",
                                            "shapeISO":  "",
                                            "shapeID":  "3690345B73871814801291",
                                            "shapeGroup":  "KEN",
                                            "shapeType":  "ADM2"
                                        },
                         "geometry":  {
                                          "type":  "Polygon",
                                          "coordinates":  [
                                                              [
                                                                  [
                                                                      36.913677216000053,
                                                                      -1.256402015999925
                                                                  ],
                                                                  [
                                                                      36.909053802000074,
                                                                      -1.254637598999977
                                                                  ],
                                                                  [
                                                                      36.902048111000056,
                                                                      -1.255179165999948
                                                                  ],
                                                                  [
                                                                      36.899950028000035,
                                                                      -1.253943591999928
                                                                  ],
                                                                  [
                                                                      36.888389587000063,
                                                                      -1.258287906999954
                                                                  ],
                                                                  [
                                                                      36.878261566000049,
                                                                      -1.259923457999946
                                                                  ],
                                                                  [
                                                                      36.878412247000028,
                                                                      -1.263055860999941
                                                                  ],
                                                                  [
                                                                      36.877101898000035,
                                                                      -1.265571265999938
                                                                  ],
                                                                  [
                                                                      36.87439727800006,
                                                                      -1.266833364999968
                                                                  ],
                                                                  [
                                                                      36.871262868000031,
                                                                      -1.275933066999926
                                                                  ],
                                                                  [
                                                                      36.867904663000047,
                                                                      -1.279617934999976
                                                                  ],
                                                                  [
                                                                      36.864515686000061,
                                                                      -1.280843924999942
                                                                  ],
                                                                  [
                                                                      36.866641998000034,
                                                                      -1.285011767999947
                                                                  ],
                                                                  [
                                                                      36.873924255000077,
                                                                      -1.278678297999932
                                                                  ],
                                                                  [
                                                                      36.87549591100003,
                                                                      -1.28128731299995
                                                                  ],
                                                                  [
                                                                      36.877677917000028,
                                                                      -1.279481529999941
                                                                  ],
                                                                  [
                                                                      36.880496979000043,
                                                                      -1.279679893999969
                                                                  ],
                                                                  [
                                                                      36.878691673000048,
                                                                      -1.275758653999958
                                                                  ],
                                                                  [
                                                                      36.881652832000043,
                                                                      -1.274634420999973
                                                                  ],
                                                                  [
                                                                      36.885729323000078,
                                                                      -1.292383450999978
                                                                  ],
                                                                  [
                                                                      36.892103206000058,
                                                                      -1.288981595999928
                                                                  ],
                                                                  [
                                                                      36.90207805700004,
                                                                      -1.279478816999926
                                                                  ],
                                                                  [
                                                                      36.897543062000068,
                                                                      -1.26935053099993
                                                                  ],
                                                                  [
                                                                      36.908351898000035,
                                                                      -1.258328914999936
                                                                  ],
                                                                  [
                                                                      36.913677216000053,
                                                                      -1.256402015999925
                                                                  ]
                                                              ]
                                                          ]
                                      }
                     },
                     {
                         "type":  "Feature",
                         "properties":  {
                                            "shapeName":  "Kamukunji",
                                            "shapeISO":  "",
                                            "shapeID":  "3690345B2174573011329",
                                            "shapeGroup":  "KEN",
                                            "shapeType":  "ADM2"
                                        },
                         "geometry":  {
                                          "type":  "Polygon",
                                          "coordinates":  [
                                                              [
                                                                  [
                                                                      36.878261566000049,
                                                                      -1.259923457999946
                                                                  ],
                                                                  [
                                                                      36.868972779000046,
                                                                      -1.258994340999948
                                                                  ],
                                                                  [
                                                                      36.858430862000034,
                                                                      -1.26322954799997
                                                                  ],
                                                                  [
                                                                      36.843048096000075,
                                                                      -1.265022396999939
                                                                  ],
                                                                  [
                                                                      36.84575271600005,
                                                                      -1.277817725999967
                                                                  ],
                                                                  [
                                                                      36.843772888000046,
                                                                      -1.277886509999973
                                                                  ],
                                                                  [
                                                                      36.843606949000048,
                                                                      -1.280519663999939
                                                                  ],
                                                                  [
                                                                      36.838160005000077,
                                                                      -1.282620424999948
                                                                  ],
                                                                  [
                                                                      36.839007830000071,
                                                                      -1.284159668999962
                                                                  ],
                                                                  [
                                                                      36.831549050000035,
                                                                      -1.283424752999963
                                                                  ],
                                                                  [
                                                                      36.83956108600006,
                                                                      -1.286602545999926
                                                                  ],
                                                                  [
                                                                      36.840188599000044,
                                                                      -1.289560293999955
                                                                  ],
                                                                  [
                                                                      36.850419998000064,
                                                                      -1.29193270199994
                                                                  ],
                                                                  [
                                                                      36.851629112000069,
                                                                      -1.287703068999974
                                                                  ],
                                                                  [
                                                                      36.864515686000061,
                                                                      -1.280843924999942
                                                                  ],
                                                                  [
                                                                      36.867904663000047,
                                                                      -1.279617934999976
                                                                  ],
                                                                  [
                                                                      36.871262868000031,
                                                                      -1.275933066999926
                                                                  ],
                                                                  [
                                                                      36.87439727800006,
                                                                      -1.266833364999968
                                                                  ],
                                                                  [
                                                                      36.877101898000035,
                                                                      -1.265571265999938
                                                                  ],
                                                                  [
                                                                      36.878412247000028,
                                                                      -1.263055860999941
                                                                  ],
                                                                  [
                                                                      36.878261566000049,
                                                                      -1.259923457999946
                                                                  ]
                                                              ]
                                                          ]
                                      }
                     },
                     {
                         "type":  "Feature",
                         "properties":  {
                                            "shapeName":  "Kasarani",
                                            "shapeISO":  "",
                                            "shapeID":  "3690345B25272410242240",
                                            "shapeGroup":  "KEN",
                                            "shapeType":  "ADM2"
                                        },
                         "geometry":  {
                                          "type":  "Polygon",
                                          "coordinates":  [
                                                              [
                                                                  [
                                                                      36.93616714500007,
                                                                      -1.257594775999962
                                                                  ],
                                                                  [
                                                                      36.967475891000049,
                                                                      -1.258365153999932
                                                                  ],
                                                                  [
                                                                      36.979961395000032,
                                                                      -1.266341447999935
                                                                  ],
                                                                  [
                                                                      36.990249634000065,
                                                                      -1.280838965999976
                                                                  ],
                                                                  [
                                                                      36.994808197000054,
                                                                      -1.279063939999958
                                                                  ],
                                                                  [
                                                                      37.001937866000048,
                                                                      -1.298352002999934
                                                                  ],
                                                                  [
                                                                      37.025959015000069,
                                                                      -1.289510130999929
                                                                  ],
                                                                  [
                                                                      37.075730324000062,
                                                                      -1.301037638999958
                                                                  ],
                                                                  [
                                                                      37.07548141500007,
                                                                      -1.29816571899994
                                                                  ],
                                                                  [
                                                                      37.072386424000058,
                                                                      -1.297228534999931
                                                                  ],
                                                                  [
                                                                      37.07240295400004,
                                                                      -1.292694627999936
                                                                  ],
                                                                  [
                                                                      37.07593472800005,
                                                                      -1.288769125999977
                                                                  ],
                                                                  [
                                                                      37.077175140000065,
                                                                      -1.281691113999955
                                                                  ],
                                                                  [
                                                                      37.08256721500004,
                                                                      -1.28237056699993
                                                                  ],
                                                                  [
                                                                      37.083864213000027,
                                                                      -1.277674673999968
                                                                  ],
                                                                  [
                                                                      37.086472512000057,
                                                                      -1.275200515999927
                                                                  ],
                                                                  [
                                                                      37.096752803000072,
                                                                      -1.271054982999942
                                                                  ],
                                                                  [
                                                                      37.100805283000057,
                                                                      -1.272654870999929
                                                                  ],
                                                                  [
                                                                      37.102062519000071,
                                                                      -1.268566928999974
                                                                  ],
                                                                  [
                                                                      37.103670120000061,
                                                                      -1.26301991899993
                                                                  ],
                                                                  [
                                                                      37.101759720000075,
                                                                      -1.25907536699998
                                                                  ],
                                                                  [
                                                                      37.08624267600004,
                                                                      -1.246274470999936
                                                                  ],
                                                                  [
                                                                      37.09487533600003,
                                                                      -1.242395519999945
                                                                  ],
                                                                  [
                                                                      37.088153839000029,
                                                                      -1.231168030999925
                                                                  ],
                                                                  [
                                                                      37.080287933000079,
                                                                      -1.234879970999941
                                                                  ],
                                                                  [
                                                                      37.062713623000036,
                                                                      -1.202702760999955
                                                                  ],
                                                                  [
                                                                      37.057302475000029,
                                                                      -1.206525146999979
                                                                  ],
                                                                  [
                                                                      37.053693772000031,
                                                                      -1.204123377999963
                                                                  ],
                                                                  [
                                                                      37.03776550300006,
                                                                      -1.210351466999953
                                                                  ],
                                                                  [
                                                                      37.033361435000074,
                                                                      -1.213707744999965
                                                                  ],
                                                                  [
                                                                      37.030155182000044,
                                                                      -1.21844482399996
                                                                  ],
                                                                  [
                                                                      37.023010254000042,
                                                                      -1.221586644999945
                                                                  ],
                                                                  [
                                                                      37.022004263000042,
                                                                      -1.224625610999965
                                                                  ],
                                                                  [
                                                                      37.016997337000078,
                                                                      -1.224934706999932
                                                                  ],
                                                                  [
                                                                      37.013439178000056,
                                                                      -1.22762191299995
                                                                  ],
                                                                  [
                                                                      37.012741089000031,
                                                                      -1.232515453999952
                                                                  ],
                                                                  [
                                                                      37.010801316000027,
                                                                      -1.234003840999947
                                                                  ],
                                                                  [
                                                                      37.003758749000042,
                                                                      -1.233890135999957
                                                                  ],
                                                                  [
                                                                      36.99498176600008,
                                                                      -1.230136334999941
                                                                  ],
                                                                  [
                                                                      36.991249085000049,
                                                                      -1.222615479999945
                                                                  ],
                                                                  [
                                                                      36.986743927000077,
                                                                      -1.221169908999968
                                                                  ],
                                                                  [
                                                                      36.977689743000042,
                                                                      -1.222271560999957
                                                                  ],
                                                                  [
                                                                      36.969490051000037,
                                                                      -1.226661323999963
                                                                  ],
                                                                  [
                                                                      36.961166382000044,
                                                                      -1.225231408999946
                                                                  ],
                                                                  [
                                                                      36.957050324000079,
                                                                      -1.227012871999932
                                                                  ],
                                                                  [
                                                                      36.953136444000052,
                                                                      -1.224239229999966
                                                                  ],
                                                                  [
                                                                      36.948986053000056,
                                                                      -1.224645137999971
                                                                  ],
                                                                  [
                                                                      36.937622070000032,
                                                                      -1.219165086999965
                                                                  ],
                                                                  [
                                                                      36.931175232000044,
                                                                      -1.21994598699996
                                                                  ],
                                                                  [
                                                                      36.920698166000079,
                                                                      -1.21424895499996
                                                                  ],
                                                                  [
                                                                      36.915520668000056,
                                                                      -1.210102199999938
                                                                  ],
                                                                  [
                                                                      36.912433624000073,
                                                                      -1.205048083999941
                                                                  ],
                                                                  [
                                                                      36.895925522000027,
                                                                      -1.211918293999929
                                                                  ],
                                                                  [
                                                                      36.871959686000025,
                                                                      -1.232226013999934
                                                                  ],
                                                                  [
                                                                      36.869213649000073,
                                                                      -1.236026967999976
                                                                  ],
                                                                  [
                                                                      36.874464671000055,
                                                                      -1.238223194999932
                                                                  ],
                                                                  [
                                                                      36.876202584000055,
                                                                      -1.236438333999956
                                                                  ],
                                                                  [
                                                                      36.880775070000027,
                                                                      -1.236780452999938
                                                                  ],
                                                                  [
                                                                      36.885725021000042,
                                                                      -1.234273641999948
                                                                  ],
                                                                  [
                                                                      36.893683434000025,
                                                                      -1.235388039999975
                                                                  ],
                                                                  [
                                                                      36.897061920000056,
                                                                      -1.231996225999978
                                                                  ],
                                                                  [
                                                                      36.902072907000047,
                                                                      -1.232577770999967
                                                                  ],
                                                                  [
                                                                      36.904865265000069,
                                                                      -1.231146513999931
                                                                  ],
                                                                  [
                                                                      36.911277771000073,
                                                                      -1.235303553999927
                                                                  ],
                                                                  [
                                                                      36.918676377000054,
                                                                      -1.238500832999932
                                                                  ],
                                                                  [
                                                                      36.922798157000045,
                                                                      -1.237533409999969
                                                                  ],
                                                                  [
                                                                      36.925623576000078,
                                                                      -1.239139397999963
                                                                  ],
                                                                  [
                                                                      36.930165217000024,
                                                                      -1.23760819599994
                                                                  ],
                                                                  [
                                                                      36.925563812000064,
                                                                      -1.240317820999962
                                                                  ],
                                                                  [
                                                                      36.91681671200007,
                                                                      -1.240492402999962
                                                                  ],
                                                                  [
                                                                      36.904031753000027,
                                                                      -1.249020635999955
                                                                  ],
                                                                  [
                                                                      36.901953697000067,
                                                                      -1.253015576999928
                                                                  ],
                                                                  [
                                                                      36.899950028000035,
                                                                      -1.253943591999928
                                                                  ],
                                                                  [
                                                                      36.902048111000056,
                                                                      -1.255179165999948
                                                                  ],
                                                                  [
                                                                      36.909053802000074,
                                                                      -1.254637598999977
                                                                  ],
                                                                  [
                                                                      36.913677216000053,
                                                                      -1.256402015999925
                                                                  ],
                                                                  [
                                                                      36.933589935000043,
                                                                      -1.250588893999975
                                                                  ],
                                                                  [
                                                                      36.93616714500007,
                                                                      -1.257594775999962
                                                                  ]
                                                              ]
                                                          ]
                                      }
                     },
                     {
                         "type":  "Feature",
                         "properties":  {
                                            "shapeName":  "Kibra",
                                            "shapeISO":  "",
                                            "shapeID":  "3690345B3888847045998",
                                            "shapeGroup":  "KEN",
                                            "shapeType":  "ADM2"
                                        },
                         "geometry":  {
                                          "type":  "Polygon",
                                          "coordinates":  [
                                                              [
                                                                  [
                                                                      36.747425842000041,
                                                                      -1.30109002599994
                                                                  ],
                                                                  [
                                                                      36.747608185000047,
                                                                      -1.306012808999981
                                                                  ],
                                                                  [
                                                                      36.752704620000031,
                                                                      -1.304678201999934
                                                                  ],
                                                                  [
                                                                      36.755455017000031,
                                                                      -1.309234618999938
                                                                  ],
                                                                  [
                                                                      36.766588211000055,
                                                                      -1.307846426999959
                                                                  ],
                                                                  [
                                                                      36.768222809000065,
                                                                      -1.311247348999927
                                                                  ],
                                                                  [
                                                                      36.770671844000049,
                                                                      -1.310226916999966
                                                                  ],
                                                                  [
                                                                      36.772541046000072,
                                                                      -1.313919424999938
                                                                  ],
                                                                  [
                                                                      36.777079264000065,
                                                                      -1.313832719999937
                                                                  ],
                                                                  [
                                                                      36.778366089000031,
                                                                      -1.315094768999927
                                                                  ],
                                                                  [
                                                                      36.788422903000026,
                                                                      -1.312094449999961
                                                                  ],
                                                                  [
                                                                      36.794197718000078,
                                                                      -1.317457138999941
                                                                  ],
                                                                  [
                                                                      36.798835754000038,
                                                                      -1.316325008999968
                                                                  ],
                                                                  [
                                                                      36.799930572000051,
                                                                      -1.314770936999935
                                                                  ],
                                                                  [
                                                                      36.794910431000062,
                                                                      -1.312586068999963
                                                                  ],
                                                                  [
                                                                      36.794355392000057,
                                                                      -1.307776390999948
                                                                  ],
                                                                  [
                                                                      36.803421021000077,
                                                                      -1.312771319999968
                                                                  ],
                                                                  [
                                                                      36.806003571000076,
                                                                      -1.306378721999977
                                                                  ],
                                                                  [
                                                                      36.814668655000048,
                                                                      -1.302897989999963
                                                                  ],
                                                                  [
                                                                      36.820987701000035,
                                                                      -1.302945374999979
                                                                  ],
                                                                  [
                                                                      36.822757721000073,
                                                                      -1.301365613999963
                                                                  ],
                                                                  [
                                                                      36.822154999000077,
                                                                      -1.297511100999941
                                                                  ],
                                                                  [
                                                                      36.823287964000031,
                                                                      -1.297176002999947
                                                                  ],
                                                                  [
                                                                      36.819675446000076,
                                                                      -1.290576457999975
                                                                  ],
                                                                  [
                                                                      36.79232597400005,
                                                                      -1.297191559999931
                                                                  ],
                                                                  [
                                                                      36.770950317000029,
                                                                      -1.297856568999975
                                                                  ],
                                                                  [
                                                                      36.760300435000033,
                                                                      -1.296163054999965
                                                                  ],
                                                                  [
                                                                      36.747425842000041,
                                                                      -1.30109002599994
                                                                  ]
                                                              ]
                                                          ]
                                      }
                     },
                     {
                         "type":  "Feature",
                         "properties":  {
                                            "shapeName":  "Langata",
                                            "shapeISO":  "",
                                            "shapeID":  "3690345B52672237617144",
                                            "shapeGroup":  "KEN",
                                            "shapeType":  "ADM2"
                                        },
                         "geometry":  {
                                          "type":  "Polygon",
                                          "coordinates":  [
                                                              [
                                                                  [
                                                                      36.678290939000078,
                                                                      -1.297938620999957
                                                                  ],
                                                                  [
                                                                      36.674306870000066,
                                                                      -1.304752826999959
                                                                  ],
                                                                  [
                                                                      36.670215607000046,
                                                                      -1.303582429999949
                                                                  ],
                                                                  [
                                                                      36.665987015000042,
                                                                      -1.312167941999974
                                                                  ],
                                                                  [
                                                                      36.663475037000069,
                                                                      -1.31728506099995
                                                                  ],
                                                                  [
                                                                      36.672790527000075,
                                                                      -1.321908235999956
                                                                  ],
                                                                  [
                                                                      36.669067383000026,
                                                                      -1.323598861999926
                                                                  ],
                                                                  [
                                                                      36.674861908000025,
                                                                      -1.327842592999957
                                                                  ],
                                                                  [
                                                                      36.678886414000033,
                                                                      -1.325982689999933
                                                                  ],
                                                                  [
                                                                      36.68255233800005,
                                                                      -1.334948896999947
                                                                  ],
                                                                  [
                                                                      36.684883118000073,
                                                                      -1.334832429999949
                                                                  ],
                                                                  [
                                                                      36.689384460000042,
                                                                      -1.347097873999928
                                                                  ],
                                                                  [
                                                                      36.692802429000039,
                                                                      -1.350649356999952
                                                                  ],
                                                                  [
                                                                      36.702194214000031,
                                                                      -1.349484920999942
                                                                  ],
                                                                  [
                                                                      36.72609329200003,
                                                                      -1.370908021999981
                                                                  ],
                                                                  [
                                                                      36.741531372000054,
                                                                      -1.379435419999936
                                                                  ],
                                                                  [
                                                                      36.744155884000065,
                                                                      -1.378611921999948
                                                                  ],
                                                                  [
                                                                      36.748861313000077,
                                                                      -1.382234125999958
                                                                  ],
                                                                  [
                                                                      36.760215759000062,
                                                                      -1.382227301999933
                                                                  ],
                                                                  [
                                                                      36.764326096000048,
                                                                      -1.383438765999927
                                                                  ],
                                                                  [
                                                                      36.767538071000047,
                                                                      -1.386281683999925
                                                                  ],
                                                                  [
                                                                      36.772603989000061,
                                                                      -1.386505424999939
                                                                  ],
                                                                  [
                                                                      36.78015263900005,
                                                                      -1.384123960999943
                                                                  ],
                                                                  [
                                                                      36.782686234000039,
                                                                      -1.386766850999948
                                                                  ],
                                                                  [
                                                                      36.786632538000049,
                                                                      -1.384912251999936
                                                                  ],
                                                                  [
                                                                      36.789867401000038,
                                                                      -1.385347872999944
                                                                  ],
                                                                  [
                                                                      36.793727875000059,
                                                                      -1.382948755999962
                                                                  ],
                                                                  [
                                                                      36.795351029000074,
                                                                      -1.383574187999955
                                                                  ],
                                                                  [
                                                                      36.795721054000069,
                                                                      -1.385767966999936
                                                                  ],
                                                                  [
                                                                      36.80044937200006,
                                                                      -1.385114490999968
                                                                  ],
                                                                  [
                                                                      36.802839279000068,
                                                                      -1.386337398999956
                                                                  ],
                                                                  [
                                                                      36.804901123000036,
                                                                      -1.384366631999967
                                                                  ],
                                                                  [
                                                                      36.805580139000028,
                                                                      -1.386844485999973
                                                                  ],
                                                                  [
                                                                      36.80846118900007,
                                                                      -1.385712235999961
                                                                  ],
                                                                  [
                                                                      36.809138934000032,
                                                                      -1.383354702999952
                                                                  ],
                                                                  [
                                                                      36.811749776000056,
                                                                      -1.384073455999953
                                                                  ],
                                                                  [
                                                                      36.814682007000044,
                                                                      -1.379863797999974
                                                                  ],
                                                                  [
                                                                      36.81910324100005,
                                                                      -1.378920196999957
                                                                  ],
                                                                  [
                                                                      36.819961124000031,
                                                                      -1.381028089999973
                                                                  ],
                                                                  [
                                                                      36.828834534000066,
                                                                      -1.385451316999934
                                                                  ],
                                                                  [
                                                                      36.836475372000052,
                                                                      -1.386293688999956
                                                                  ],
                                                                  [
                                                                      36.836843491000025,
                                                                      -1.38468009199994
                                                                  ],
                                                                  [
                                                                      36.83936119100008,
                                                                      -1.385894417999964
                                                                  ],
                                                                  [
                                                                      36.843465805000051,
                                                                      -1.384384691999969
                                                                  ],
                                                                  [
                                                                      36.844770432000075,
                                                                      -1.388962983999932
                                                                  ],
                                                                  [
                                                                      36.849552155000026,
                                                                      -1.394140302999972
                                                                  ],
                                                                  [
                                                                      36.85725784300007,
                                                                      -1.396626352999931
                                                                  ],
                                                                  [
                                                                      36.863632202000076,
                                                                      -1.401655971999958
                                                                  ],
                                                                  [
                                                                      36.869678497000052,
                                                                      -1.401229321999949
                                                                  ],
                                                                  [
                                                                      36.869874954000068,
                                                                      -1.403838514999961
                                                                  ],
                                                                  [
                                                                      36.871532440000067,
                                                                      -1.405241488999934
                                                                  ],
                                                                  [
                                                                      36.881708145000061,
                                                                      -1.403688311999929
                                                                  ],
                                                                  [
                                                                      36.894877116000032,
                                                                      -1.409195939999961
                                                                  ],
                                                                  [
                                                                      36.894374847000051,
                                                                      -1.411015867999936
                                                                  ],
                                                                  [
                                                                      36.890182495000033,
                                                                      -1.410511970999949
                                                                  ],
                                                                  [
                                                                      36.889862061000031,
                                                                      -1.41225230699996
                                                                  ],
                                                                  [
                                                                      36.931358337000063,
                                                                      -1.430459022999969
                                                                  ],
                                                                  [
                                                                      36.942565918000071,
                                                                      -1.430521209999938
                                                                  ],
                                                                  [
                                                                      36.950065613000049,
                                                                      -1.435550689999957
                                                                  ],
                                                                  [
                                                                      36.955572129000075,
                                                                      -1.434898077999947
                                                                  ],
                                                                  [
                                                                      36.957519531000059,
                                                                      -1.439851998999927
                                                                  ],
                                                                  [
                                                                      36.960784912000065,
                                                                      -1.442147810999927
                                                                  ],
                                                                  [
                                                                      36.962081909000062,
                                                                      -1.436426877999963
                                                                  ],
                                                                  [
                                                                      36.959518433000028,
                                                                      -1.435135483999943
                                                                  ],
                                                                  [
                                                                      36.954830170000037,
                                                                      -1.426156281999965
                                                                  ],
                                                                  [
                                                                      36.947891236000032,
                                                                      -1.421497642999952
                                                                  ],
                                                                  [
                                                                      36.945392609000066,
                                                                      -1.407474040999944
                                                                  ],
                                                                  [
                                                                      36.942568461000064,
                                                                      -1.40207715899993
                                                                  ],
                                                                  [
                                                                      36.936281204000068,
                                                                      -1.396738141999947
                                                                  ],
                                                                  [
                                                                      36.931269646000032,
                                                                      -1.396082132999936
                                                                  ],
                                                                  [
                                                                      36.927745819000052,
                                                                      -1.39187379699996
                                                                  ],
                                                                  [
                                                                      36.922718048000036,
                                                                      -1.39201664899997
                                                                  ],
                                                                  [
                                                                      36.92104721100003,
                                                                      -1.384527921999961
                                                                  ],
                                                                  [
                                                                      36.913506982000058,
                                                                      -1.370835022999927
                                                                  ],
                                                                  [
                                                                      36.907416026000078,
                                                                      -1.370333393999942
                                                                  ],
                                                                  [
                                                                      36.894906998000067,
                                                                      -1.356526016999965
                                                                  ],
                                                                  [
                                                                      36.892316288000075,
                                                                      -1.358568819999959
                                                                  ],
                                                                  [
                                                                      36.88224983300006,
                                                                      -1.347241520999944
                                                                  ],
                                                                  [
                                                                      36.840254723000044,
                                                                      -1.318529793999971
                                                                  ],
                                                                  [
                                                                      36.830341339000029,
                                                                      -1.311945557999934
                                                                  ],
                                                                  [
                                                                      36.823287964000031,
                                                                      -1.297176002999947
                                                                  ],
                                                                  [
                                                                      36.822154999000077,
                                                                      -1.297511100999941
                                                                  ],
                                                                  [
                                                                      36.822757721000073,
                                                                      -1.301365613999963
                                                                  ],
                                                                  [
                                                                      36.820987701000035,
                                                                      -1.302945374999979
                                                                  ],
                                                                  [
                                                                      36.814668655000048,
                                                                      -1.302897989999963
                                                                  ],
                                                                  [
                                                                      36.806003571000076,
                                                                      -1.306378721999977
                                                                  ],
                                                                  [
                                                                      36.803421021000077,
                                                                      -1.312771319999968
                                                                  ],
                                                                  [
                                                                      36.794355392000057,
                                                                      -1.307776390999948
                                                                  ],
                                                                  [
                                                                      36.794910431000062,
                                                                      -1.312586068999963
                                                                  ],
                                                                  [
                                                                      36.799930572000051,
                                                                      -1.314770936999935
                                                                  ],
                                                                  [
                                                                      36.798835754000038,
                                                                      -1.316325008999968
                                                                  ],
                                                                  [
                                                                      36.794197718000078,
                                                                      -1.317457138999941
                                                                  ],
                                                                  [
                                                                      36.788422903000026,
                                                                      -1.312094449999961
                                                                  ],
                                                                  [
                                                                      36.778366089000031,
                                                                      -1.315094768999927
                                                                  ],
                                                                  [
                                                                      36.777079264000065,
                                                                      -1.313832719999937
                                                                  ],
                                                                  [
                                                                      36.772541046000072,
                                                                      -1.313919424999938
                                                                  ],
                                                                  [
                                                                      36.770671844000049,
                                                                      -1.310226916999966
                                                                  ],
                                                                  [
                                                                      36.768222809000065,
                                                                      -1.311247348999927
                                                                  ],
                                                                  [
                                                                      36.766588211000055,
                                                                      -1.307846426999959
                                                                  ],
                                                                  [
                                                                      36.755455017000031,
                                                                      -1.309234618999938
                                                                  ],
                                                                  [
                                                                      36.752704620000031,
                                                                      -1.304678201999934
                                                                  ],
                                                                  [
                                                                      36.747608185000047,
                                                                      -1.306012808999981
                                                                  ],
                                                                  [
                                                                      36.747425842000041,
                                                                      -1.30109002599994
                                                                  ],
                                                                  [
                                                                      36.731197357000042,
                                                                      -1.30594181999993
                                                                  ],
                                                                  [
                                                                      36.730270386000029,
                                                                      -1.299619554999936
                                                                  ],
                                                                  [
                                                                      36.736999512000068,
                                                                      -1.298000215999934
                                                                  ],
                                                                  [
                                                                      36.736373902000025,
                                                                      -1.294427275999965
                                                                  ],
                                                                  [
                                                                      36.73255920400004,
                                                                      -1.293397545999937
                                                                  ],
                                                                  [
                                                                      36.726961136000057,
                                                                      -1.294223188999979
                                                                  ],
                                                                  [
                                                                      36.723419189000026,
                                                                      -1.300824641999952
                                                                  ],
                                                                  [
                                                                      36.708480835000046,
                                                                      -1.295112609999933
                                                                  ],
                                                                  [
                                                                      36.706527710000046,
                                                                      -1.302671908999969
                                                                  ],
                                                                  [
                                                                      36.697509766000053,
                                                                      -1.296681045999946
                                                                  ],
                                                                  [
                                                                      36.68713665000007,
                                                                      -1.29386666399995
                                                                  ],
                                                                  [
                                                                      36.684597015000065,
                                                                      -1.298161625999967
                                                                  ],
                                                                  [
                                                                      36.678290939000078,
                                                                      -1.297938620999957
                                                                  ]
                                                              ]
                                                          ]
                                      }
                     },
                     {
                         "type":  "Feature",
                         "properties":  {
                                            "shapeName":  "Makadara",
                                            "shapeISO":  "",
                                            "shapeID":  "3690345B46803652809232",
                                            "shapeGroup":  "KEN",
                                            "shapeType":  "ADM2"
                                        },
                         "geometry":  {
                                          "type":  "Polygon",
                                          "coordinates":  [
                                                              [
                                                                  [
                                                                      36.885729323000078,
                                                                      -1.292383450999978
                                                                  ],
                                                                  [
                                                                      36.881652832000043,
                                                                      -1.274634420999973
                                                                  ],
                                                                  [
                                                                      36.878691673000048,
                                                                      -1.275758653999958
                                                                  ],
                                                                  [
                                                                      36.880496979000043,
                                                                      -1.279679893999969
                                                                  ],
                                                                  [
                                                                      36.877677917000028,
                                                                      -1.279481529999941
                                                                  ],
                                                                  [
                                                                      36.87549591100003,
                                                                      -1.28128731299995
                                                                  ],
                                                                  [
                                                                      36.873924255000077,
                                                                      -1.278678297999932
                                                                  ],
                                                                  [
                                                                      36.866641998000034,
                                                                      -1.285011767999947
                                                                  ],
                                                                  [
                                                                      36.864515686000061,
                                                                      -1.280843924999942
                                                                  ],
                                                                  [
                                                                      36.851629112000069,
                                                                      -1.287703068999974
                                                                  ],
                                                                  [
                                                                      36.850419998000064,
                                                                      -1.29193270199994
                                                                  ],
                                                                  [
                                                                      36.840188599000044,
                                                                      -1.289560293999955
                                                                  ],
                                                                  [
                                                                      36.837661743000069,
                                                                      -1.28951275299994
                                                                  ],
                                                                  [
                                                                      36.844726562000062,
                                                                      -1.299151658999961
                                                                  ],
                                                                  [
                                                                      36.856000900000026,
                                                                      -1.298294066999972
                                                                  ],
                                                                  [
                                                                      36.860538483000028,
                                                                      -1.308152198999949
                                                                  ],
                                                                  [
                                                                      36.855943219000039,
                                                                      -1.313875776999964
                                                                  ],
                                                                  [
                                                                      36.860474646000057,
                                                                      -1.314410260999978
                                                                  ],
                                                                  [
                                                                      36.867381783000042,
                                                                      -1.309851485999957
                                                                  ],
                                                                  [
                                                                      36.872732338000048,
                                                                      -1.310889587999952
                                                                  ],
                                                                  [
                                                                      36.888640621000036,
                                                                      -1.304208013999926
                                                                  ],
                                                                  [
                                                                      36.885729323000078,
                                                                      -1.292383450999978
                                                                  ]
                                                              ]
                                                          ]
                                      }
                     },
                     {
                         "type":  "Feature",
                         "properties":  {
                                            "shapeName":  "Mathare",
                                            "shapeISO":  "",
                                            "shapeID":  "3690345B9508025131966",
                                            "shapeGroup":  "KEN",
                                            "shapeType":  "ADM2"
                                        },
                         "geometry":  {
                                          "type":  "Polygon",
                                          "coordinates":  [
                                                              [
                                                                  [
                                                                      36.877306196000063,
                                                                      -1.246514372999968
                                                                  ],
                                                                  [
                                                                      36.875751496000078,
                                                                      -1.249713777999943
                                                                  ],
                                                                  [
                                                                      36.863887787000067,
                                                                      -1.255059897999956
                                                                  ],
                                                                  [
                                                                      36.858945211000048,
                                                                      -1.260455448999949
                                                                  ],
                                                                  [
                                                                      36.855760575000033,
                                                                      -1.260590254999954
                                                                  ],
                                                                  [
                                                                      36.850658035000038,
                                                                      -1.256364964999932
                                                                  ],
                                                                  [
                                                                      36.841816766000079,
                                                                      -1.257959620999941
                                                                  ],
                                                                  [
                                                                      36.837076568000043,
                                                                      -1.261885928999959
                                                                  ],
                                                                  [
                                                                      36.841899872000056,
                                                                      -1.262001990999977
                                                                  ],
                                                                  [
                                                                      36.843048096000075,
                                                                      -1.265022396999939
                                                                  ],
                                                                  [
                                                                      36.858430862000034,
                                                                      -1.26322954799997
                                                                  ],
                                                                  [
                                                                      36.868972779000046,
                                                                      -1.258994340999948
                                                                  ],
                                                                  [
                                                                      36.878261566000049,
                                                                      -1.259923457999946
                                                                  ],
                                                                  [
                                                                      36.877306196000063,
                                                                      -1.246514372999968
                                                                  ]
                                                              ]
                                                          ]
                                      }
                     },
                     {
                         "type":  "Feature",
                         "properties":  {
                                            "shapeName":  "Roysambu",
                                            "shapeISO":  "",
                                            "shapeID":  "3690345B88472168203612",
                                            "shapeGroup":  "KEN",
                                            "shapeType":  "ADM2"
                                        },
                         "geometry":  {
                                          "type":  "Polygon",
                                          "coordinates":  [
                                                              [
                                                                  [
                                                                      36.897469521000062,
                                                                      -1.158210038999925
                                                                  ],
                                                                  [
                                                                      36.893552781000039,
                                                                      -1.166848778999963
                                                                  ],
                                                                  [
                                                                      36.888002396000047,
                                                                      -1.171354114999929
                                                                  ],
                                                                  [
                                                                      36.894306183000026,
                                                                      -1.180607278999958
                                                                  ],
                                                                  [
                                                                      36.896029473000056,
                                                                      -1.183985977999953
                                                                  ],
                                                                  [
                                                                      36.895008087000065,
                                                                      -1.185492991999979
                                                                  ],
                                                                  [
                                                                      36.898418427000024,
                                                                      -1.190366327999925
                                                                  ],
                                                                  [
                                                                      36.890508652000051,
                                                                      -1.190699934999941
                                                                  ],
                                                                  [
                                                                      36.885782242000062,
                                                                      -1.193479417999924
                                                                  ],
                                                                  [
                                                                      36.873626709000064,
                                                                      -1.193813800999976
                                                                  ],
                                                                  [
                                                                      36.86321067800003,
                                                                      -1.18792056999996
                                                                  ],
                                                                  [
                                                                      36.859498978000033,
                                                                      -1.200572072999933
                                                                  ],
                                                                  [
                                                                      36.855772018000039,
                                                                      -1.199245809999979
                                                                  ],
                                                                  [
                                                                      36.851091385000075,
                                                                      -1.200508683999942
                                                                  ],
                                                                  [
                                                                      36.849246979000043,
                                                                      -1.211320757999943
                                                                  ],
                                                                  [
                                                                      36.839141846000075,
                                                                      -1.207007407999924
                                                                  ],
                                                                  [
                                                                      36.837226868000073,
                                                                      -1.20836830099995
                                                                  ],
                                                                  [
                                                                      36.834114075000059,
                                                                      -1.207768558999931
                                                                  ],
                                                                  [
                                                                      36.830254873000058,
                                                                      -1.203808982999931
                                                                  ],
                                                                  [
                                                                      36.83403701800006,
                                                                      -1.212483023999937
                                                                  ],
                                                                  [
                                                                      36.834476471000073,
                                                                      -1.217904507999947
                                                                  ],
                                                                  [
                                                                      36.842226029000074,
                                                                      -1.229701101999979
                                                                  ],
                                                                  [
                                                                      36.843685150000056,
                                                                      -1.241277932999935
                                                                  ],
                                                                  [
                                                                      36.846117020000065,
                                                                      -1.245446204999951
                                                                  ],
                                                                  [
                                                                      36.841816766000079,
                                                                      -1.257959620999941
                                                                  ],
                                                                  [
                                                                      36.850658035000038,
                                                                      -1.256364964999932
                                                                  ],
                                                                  [
                                                                      36.857505798000034,
                                                                      -1.251350044999924
                                                                  ],
                                                                  [
                                                                      36.866062164000027,
                                                                      -1.241944610999951
                                                                  ],
                                                                  [
                                                                      36.869213649000073,
                                                                      -1.236026967999976
                                                                  ],
                                                                  [
                                                                      36.871959686000025,
                                                                      -1.232226013999934
                                                                  ],
                                                                  [
                                                                      36.895925522000027,
                                                                      -1.211918293999929
                                                                  ],
                                                                  [
                                                                      36.912433624000073,
                                                                      -1.205048083999941
                                                                  ],
                                                                  [
                                                                      36.941638402000024,
                                                                      -1.173297830999957
                                                                  ],
                                                                  [
                                                                      36.938949585000046,
                                                                      -1.170129417999931
                                                                  ],
                                                                  [
                                                                      36.933401108000055,
                                                                      -1.167380093999952
                                                                  ],
                                                                  [
                                                                      36.92700386100006,
                                                                      -1.16650053799998
                                                                  ],
                                                                  [
                                                                      36.919075012000064,
                                                                      -1.159868120999931
                                                                  ],
                                                                  [
                                                                      36.897469521000062,
                                                                      -1.158210038999925
                                                                  ]
                                                              ]
                                                          ]
                                      }
                     },
                     {
                         "type":  "Feature",
                         "properties":  {
                                            "shapeName":  "Ruaraka",
                                            "shapeISO":  "",
                                            "shapeID":  "3690345B35970113576502",
                                            "shapeGroup":  "KEN",
                                            "shapeType":  "ADM2"
                                        },
                         "geometry":  {
                                          "type":  "Polygon",
                                          "coordinates":  [
                                                              [
                                                                  [
                                                                      36.911277771000073,
                                                                      -1.235303553999927
                                                                  ],
                                                                  [
                                                                      36.904865265000069,
                                                                      -1.231146513999931
                                                                  ],
                                                                  [
                                                                      36.902072907000047,
                                                                      -1.232577770999967
                                                                  ],
                                                                  [
                                                                      36.897061920000056,
                                                                      -1.231996225999978
                                                                  ],
                                                                  [
                                                                      36.893683434000025,
                                                                      -1.235388039999975
                                                                  ],
                                                                  [
                                                                      36.885725021000042,
                                                                      -1.234273641999948
                                                                  ],
                                                                  [
                                                                      36.880775070000027,
                                                                      -1.236780452999938
                                                                  ],
                                                                  [
                                                                      36.876202584000055,
                                                                      -1.236438333999956
                                                                  ],
                                                                  [
                                                                      36.874464671000055,
                                                                      -1.238223194999932
                                                                  ],
                                                                  [
                                                                      36.869213649000073,
                                                                      -1.236026967999976
                                                                  ],
                                                                  [
                                                                      36.866062164000027,
                                                                      -1.241944610999951
                                                                  ],
                                                                  [
                                                                      36.857505798000034,
                                                                      -1.251350044999924
                                                                  ],
                                                                  [
                                                                      36.850658035000038,
                                                                      -1.256364964999932
                                                                  ],
                                                                  [
                                                                      36.855760575000033,
                                                                      -1.260590254999954
                                                                  ],
                                                                  [
                                                                      36.858945211000048,
                                                                      -1.260455448999949
                                                                  ],
                                                                  [
                                                                      36.863887787000067,
                                                                      -1.255059897999956
                                                                  ],
                                                                  [
                                                                      36.875751496000078,
                                                                      -1.249713777999943
                                                                  ],
                                                                  [
                                                                      36.877306196000063,
                                                                      -1.246514372999968
                                                                  ],
                                                                  [
                                                                      36.884933472000057,
                                                                      -1.246087987999942
                                                                  ],
                                                                  [
                                                                      36.889353752000034,
                                                                      -1.252040326999975
                                                                  ],
                                                                  [
                                                                      36.892778397000029,
                                                                      -1.250158607999936
                                                                  ],
                                                                  [
                                                                      36.892322540000066,
                                                                      -1.247386872999925
                                                                  ],
                                                                  [
                                                                      36.895696322000049,
                                                                      -1.24146766399997
                                                                  ],
                                                                  [
                                                                      36.901583481000046,
                                                                      -1.239273515999969
                                                                  ],
                                                                  [
                                                                      36.903545380000025,
                                                                      -1.23621765799993
                                                                  ],
                                                                  [
                                                                      36.911277771000073,
                                                                      -1.235303553999927
                                                                  ]
                                                              ]
                                                          ]
                                      }
                     },
                     {
                         "type":  "Feature",
                         "properties":  {
                                            "shapeName":  "Starehe",
                                            "shapeISO":  "",
                                            "shapeID":  "3690345B38564256693946",
                                            "shapeGroup":  "KEN",
                                            "shapeType":  "ADM2"
                                        },
                         "geometry":  {
                                          "type":  "Polygon",
                                          "coordinates":  [
                                                              [
                                                                  [
                                                                      36.855943219000039,
                                                                      -1.313875776999964
                                                                  ],
                                                                  [
                                                                      36.860538483000028,
                                                                      -1.308152198999949
                                                                  ],
                                                                  [
                                                                      36.856000900000026,
                                                                      -1.298294066999972
                                                                  ],
                                                                  [
                                                                      36.844726562000062,
                                                                      -1.299151658999961
                                                                  ],
                                                                  [
                                                                      36.837661743000069,
                                                                      -1.28951275299994
                                                                  ],
                                                                  [
                                                                      36.840188599000044,
                                                                      -1.289560293999955
                                                                  ],
                                                                  [
                                                                      36.83956108600006,
                                                                      -1.286602545999926
                                                                  ],
                                                                  [
                                                                      36.831549050000035,
                                                                      -1.283424752999963
                                                                  ],
                                                                  [
                                                                      36.839007830000071,
                                                                      -1.284159668999962
                                                                  ],
                                                                  [
                                                                      36.838160005000077,
                                                                      -1.282620424999948
                                                                  ],
                                                                  [
                                                                      36.843606949000048,
                                                                      -1.280519663999939
                                                                  ],
                                                                  [
                                                                      36.843772888000046,
                                                                      -1.277886509999973
                                                                  ],
                                                                  [
                                                                      36.84575271600005,
                                                                      -1.277817725999967
                                                                  ],
                                                                  [
                                                                      36.843048096000075,
                                                                      -1.265022396999939
                                                                  ],
                                                                  [
                                                                      36.841899872000056,
                                                                      -1.262001990999977
                                                                  ],
                                                                  [
                                                                      36.837076568000043,
                                                                      -1.261885928999959
                                                                  ],
                                                                  [
                                                                      36.83169937100007,
                                                                      -1.26486837899995
                                                                  ],
                                                                  [
                                                                      36.815200806000064,
                                                                      -1.267065405999972
                                                                  ],
                                                                  [
                                                                      36.811808692000056,
                                                                      -1.272080745999972
                                                                  ],
                                                                  [
                                                                      36.819675446000076,
                                                                      -1.290576457999975
                                                                  ],
                                                                  [
                                                                      36.823287964000031,
                                                                      -1.297176002999947
                                                                  ],
                                                                  [
                                                                      36.830341339000029,
                                                                      -1.311945557999934
                                                                  ],
                                                                  [
                                                                      36.840254723000044,
                                                                      -1.318529793999971
                                                                  ],
                                                                  [
                                                                      36.847550018000049,
                                                                      -1.316694232999964
                                                                  ],
                                                                  [
                                                                      36.85226435800007,
                                                                      -1.31382323899993
                                                                  ],
                                                                  [
                                                                      36.855943219000039,
                                                                      -1.313875776999964
                                                                  ]
                                                              ]
                                                          ]
                                      }
                     },
                     {
                         "type":  "Feature",
                         "properties":  {
                                            "shapeName":  "Westlands",
                                            "shapeISO":  "",
                                            "shapeID":  "3690345B99886458952319",
                                            "shapeGroup":  "KEN",
                                            "shapeType":  "ADM2"
                                        },
                         "geometry":  {
                                          "type":  "Polygon",
                                          "coordinates":  [
                                                              [
                                                                  [
                                                                      36.733408059000055,
                                                                      -1.272898545999965
                                                                  ],
                                                                  [
                                                                      36.738620758000025,
                                                                      -1.275540232999958
                                                                  ],
                                                                  [
                                                                      36.745336533000057,
                                                                      -1.272341012999959
                                                                  ],
                                                                  [
                                                                      36.757061958000065,
                                                                      -1.271089523999933
                                                                  ],
                                                                  [
                                                                      36.757891655000037,
                                                                      -1.268474608999952
                                                                  ],
                                                                  [
                                                                      36.761465073000068,
                                                                      -1.267715990999932
                                                                  ],
                                                                  [
                                                                      36.753282547000026,
                                                                      -1.261626600999932
                                                                  ],
                                                                  [
                                                                      36.763824463000049,
                                                                      -1.260370552999973
                                                                  ],
                                                                  [
                                                                      36.767417908000027,
                                                                      -1.25825262099994
                                                                  ],
                                                                  [
                                                                      36.778911591000053,
                                                                      -1.256250023999939
                                                                  ],
                                                                  [
                                                                      36.798683167000036,
                                                                      -1.259114384999975
                                                                  ],
                                                                  [
                                                                      36.807300568000073,
                                                                      -1.268970727999942
                                                                  ],
                                                                  [
                                                                      36.811808692000056,
                                                                      -1.272080745999972
                                                                  ],
                                                                  [
                                                                      36.815200806000064,
                                                                      -1.267065405999972
                                                                  ],
                                                                  [
                                                                      36.83169937100007,
                                                                      -1.26486837899995
                                                                  ],
                                                                  [
                                                                      36.837076568000043,
                                                                      -1.261885928999959
                                                                  ],
                                                                  [
                                                                      36.841816766000079,
                                                                      -1.257959620999941
                                                                  ],
                                                                  [
                                                                      36.846117020000065,
                                                                      -1.245446204999951
                                                                  ],
                                                                  [
                                                                      36.843685150000056,
                                                                      -1.241277932999935
                                                                  ],
                                                                  [
                                                                      36.842226029000074,
                                                                      -1.229701101999979
                                                                  ],
                                                                  [
                                                                      36.834476471000073,
                                                                      -1.217904507999947
                                                                  ],
                                                                  [
                                                                      36.83403701800006,
                                                                      -1.212483023999937
                                                                  ],
                                                                  [
                                                                      36.798702240000068,
                                                                      -1.192913293999936
                                                                  ],
                                                                  [
                                                                      36.790906906000032,
                                                                      -1.189049839999939
                                                                  ],
                                                                  [
                                                                      36.784128825000039,
                                                                      -1.202017664999971
                                                                  ],
                                                                  [
                                                                      36.789644877000057,
                                                                      -1.206404168999939
                                                                  ],
                                                                  [
                                                                      36.783758799000054,
                                                                      -1.212538798999958
                                                                  ],
                                                                  [
                                                                      36.778297424000073,
                                                                      -1.224342107999973
                                                                  ],
                                                                  [
                                                                      36.771602631000064,
                                                                      -1.220980405999967
                                                                  ],
                                                                  [
                                                                      36.76989364700006,
                                                                      -1.223865865999926
                                                                  ],
                                                                  [
                                                                      36.756502152000053,
                                                                      -1.216778456999975
                                                                  ],
                                                                  [
                                                                      36.755336761000024,
                                                                      -1.218571614999973
                                                                  ],
                                                                  [
                                                                      36.746696472000053,
                                                                      -1.23467898399997
                                                                  ],
                                                                  [
                                                                      36.728656769000054,
                                                                      -1.232403992999934
                                                                  ],
                                                                  [
                                                                      36.727281570000059,
                                                                      -1.243224858999952
                                                                  ],
                                                                  [
                                                                      36.725445339000032,
                                                                      -1.244015386999934
                                                                  ],
                                                                  [
                                                                      36.725519181000038,
                                                                      -1.248294114999965
                                                                  ],
                                                                  [
                                                                      36.718535614000075,
                                                                      -1.260810756999945
                                                                  ],
                                                                  [
                                                                      36.733408059000055,
                                                                      -1.272898545999965
                                                                  ]
                                                              ]
                                                          ]
                                      }
                     }
                 ],
    "type":  "FeatureCollection"
}
